	S1	S2	S3	S4	S5	S6	S7	S8	S9	pep_iden_avg	mhc_iden_avg	tcrA_iden_avg	tcrB_iden_avg	total_iden_avg	binder	partition
complex_10238	0.003514290554448962	0.7043516039848328	0.08367396146059036	0.2216624915599823	0.0054151020012795925	0.0539410263299942	0.15620103478431702	0.06793782860040665	0.036847516894340515	0.3111111111108	0.8994413407822001	0.32495759541279995	0.4019598223138	0.5246703869188	0	2
complex_10240	0.0017464816337451339	0.8818995952606201	0.008103027008473873	0.02025560475885868	0.004413506481796503	0.11429805308580399	0.20716524124145508	0.19893987476825714	0.11406644433736801	0.285714285714	0.9090183559457143	0.3374030189741428	0.3758516256144286	0.5171199879847143	1	1
complex_10408	0.003117881715297699	0.7749418020248413	0.07844562828540802	0.014287685975432396	0.0026220809668302536	0.06999210268259048	0.07655787467956543	0.029184000566601753	0.062263406813144684	0.222222222222	0.9553072625698572	0.45291990932514287	0.5506005833441427	0.5597632437088571	0	1
complex_10489	0.0023157454561442137	0.37747517228126526	0.032811589539051056	0.1284094899892807	0.004423370119184256	0.11265198886394501	0.142909973859787	0.19989076256752014	0.07518035173416138	0.285714285714	0.9090183559457141	0.37143476526314295	0.38853476641085716	0.5249058024990001	1	0
complex_10497	0.009955010376870632	0.07628761976957321	0.03991224244236946	0.06533565372228622	0.026402803137898445	0.05348145216703415	0.09651989489793777	0.11703409999608994	0.0322859063744545	0.236111111110875	0.9364525139665	0.40561552407237494	0.499424861400625	0.541694605938	0	0
complex_10552	0.003244940657168627	0.7452363967895508	0.0492900013923645	0.010620460845530033	0.05602530390024185	0.0424504354596138	0.0038365016225725412	0.0022973057348281145	0.03459225967526436	0.222222222222	0.9553072625698572	0.4426878513304286	0.6586490256767142	0.5760659744318573	0	1
complex_10605	0.007457127328962088	0.43791043758392334	0.017897402867674828	0.053825899958610535	0.005524825770407915	0.1571495682001114	0.20689798891544342	0.206078439950943	0.023051444441080093	0.238095238095	0.9265762170790001	0.4458131071457143	0.5361074176448571	0.5518772391897143	0	2
complex_10762	0.004437129013240337	0.2849908173084259	0.05185313895344734	0.018597031012177467	0.013278057798743248	0.039681077003479004	0.21994374692440033	0.04942810907959938	0.0655963271856308	0.222222222222	0.953711093375857	0.4523484408438571	0.42351278909957146	0.5379546435231428	0	4
complex_10800	0.004163667093962431	0.2891765236854553	0.041950736194849014	0.21902698278427124	0.056935835629701614	0.0717918872833252	0.010627595707774162	0.04941125214099884	0.013388480059802532	0.2037037037035	1.0	0.4614580887616668	0.621574874727	0.5817400618161667	0	0
complex_1094	0.002257039537653327	0.920670747756958	0.018140090629458427	0.0009675998007878661	0.007238640449941158	0.12432580441236496	0.14548654854297638	0.1481846570968628	0.07253839820623398	0.296296296296	0.8938547486033334	0.36308161708616665	0.39343650824150006	0.5228033691878333	0	4
complex_10995	0.0032949564047157764	0.8876190185546875	0.045926012098789215	0.0331367552280426	0.010597042739391327	0.12413638085126877	0.06721486896276474	0.08983927965164185	0.24863438308238983	0.3111111111108	0.8994413407822001	0.36989348370920005	0.3347133988778	0.5209519643953999	0	4
complex_11084	0.0033555938862264156	0.7460241913795471	0.0697406753897667	0.12446233630180359	0.008872208185493946	0.057626672089099884	0.025139814242720604	0.06395942717790604	0.30370140075683594	0.33333333333299997	0.8743016759777501	0.38184650677774995	0.35218478384549995	0.52488355154075	0	3
complex_11120	0.004325937945395708	0.763534665107727	0.08441299200057983	0.13758882880210876	0.013778666965663433	0.015015571378171444	0.08706476539373398	0.023109907284379005	0.1772363781929016	0.2407407407405	0.9478584729981666	0.39873465581416667	0.4837511687066668	0.5432807086665	0	0
complex_11245	0.003561078803613782	0.8169742226600647	0.08399350196123123	0.06286492198705673	0.088784359395504	0.0987280011177063	0.010732457973062992	0.07917177677154541	0.5779971480369568	0.222222222222	1.0	0.669724770642	0.7208043615680001	0.6391622627754999	0	4
complex_11295	0.0030367106664925814	0.2001638263463974	0.055260926485061646	0.003728231182321906	0.003668898018077016	0.12253300845623016	0.028017569333314896	0.12156294286251068	0.0316803939640522	0.222222222222	1.0	0.8785046728970001	0.9181818181820001	0.706855155921	0	0
complex_11434	0.0023222952149808407	0.9157047271728516	0.051741160452365875	0.08048999309539795	0.09362831711769104	0.04344309866428375	0.037129826843738556	0.2035522758960724	0.10883473604917526	0.23456790123433333	0.9503414028553333	0.5493194638513333	0.49969221128711105	0.5698050472196666	0	4
complex_11535	0.002553710248321295	0.653120219707489	0.02884374000132084	0.029977338388562202	0.0036852725315839052	0.09067036956548691	0.18889163434505463	0.01672855205833912	0.09500065445899963	0.285714285714	0.9090183559457141	0.36733726207414286	0.357042593746	0.5189741898565715	0	4
complex_11543	0.005092819221317768	0.5278939008712769	0.05545920878648758	0.0652838796377182	0.01718777045607567	0.05173978954553604	0.010439153760671616	0.5443558692932129	0.013991272076964378	0.222222222222	0.953711093375857	0.4473735665005714	0.4258858438535714	0.5375210069251428	1	3
complex_115	0.0021688430570065975	0.9649502635002136	0.02407856285572052	0.02672899328172207	0.003226166358217597	0.026084156706929207	0.01980162039399147	0.18108631670475006	0.02632269635796547	0.259259259259	0.8929236499068333	0.2916405159393333	0.34285924421783326	0.4898109297481667	0	0
complex_11684	0.0036520978901535273	0.927136242389679	0.03470582887530327	0.46475744247436523	0.0006401864229701459	0.15154115855693817	0.016458692029118538	0.06219753995537758	0.032045405358076096	0.259259259259	0.9459962756051667	0.38738267632083334	0.4346257853581667	0.5387532552345001	0	0
complex_11746	0.0023247776553034782	0.9637995958328247	0.010027271695435047	0.003040430834516883	0.012407506816089153	0.046639930456876755	0.18191997706890106	0.14265471696853638	0.1239374577999115	0.23456790123433333	0.9286157666045556	0.4156339194608889	0.43593932875977776	0.5296567639831111	0	0
complex_11865	0.003300285432487726	0.38955026865005493	0.08138100802898407	0.042267024517059326	0.032035451382398605	0.023858796805143356	0.04860083386301994	0.18434445559978485	0.14603984355926514	0.3111111111108	0.872625698324	0.3384719004367999	0.41832123137419996	0.5207111251136	1	4
complex_11868	0.0016621827380731702	0.7247172594070435	0.04162909463047981	0.39189666509628296	0.011643067002296448	0.07386678457260132	0.3480721414089203	0.03403022512793541	0.08292827010154724	0.24999999999975	0.9203910614524999	0.352872646699375	0.48505675361362505	0.529785253869625	0	4
complex_11902	0.003649585647508502	0.5084854960441589	0.05760291963815689	0.29308536648750305	0.0023392238654196262	0.05011257529258728	0.4546591639518738	0.06335877627134323	0.03468276187777519	0.222222222222	0.9553072625696666	0.8672566371683332	0.43188405797099993	0.6090332774539999	0	4
complex_12244	0.008573055267333984	0.4525125026702881	0.054139211773872375	0.01777620241045952	0.00784236192703247	0.06786347925662994	0.17104817926883698	0.07480353116989136	0.35238268971443176	0.3111111111108	0.872625698324	0.3689486462768	0.3384244719744	0.5124744561869999	0	3
complex_12316	0.0027197899762541056	0.858957827091217	0.05831402912735939	0.031275153160095215	0.004516591317951679	0.04941752180457115	0.5038963556289673	0.21254894137382507	0.008785711601376534	0.33333333333299997	0.87430167597775	0.36038699600650004	0.40620587142325	0.5303104810085	0	1
complex_12750	0.00435536028817296	0.9268882274627686	0.04764958843588829	0.00438082916662097	0.0009917673887684941	0.024379651993513107	0.033039502799510956	0.06370280683040619	0.0949939489364624	0.253968253968	0.927374301676	0.40893732928728577	0.48954295798457154	0.5435275664267142	0	4
complex_1278	0.0065275561064481735	0.18429842591285706	0.04197205975651741	0.19167698919773102	0.022284062579274178	0.0817527174949646	0.1398463100194931	0.07228043675422668	0.056094132363796234	0.259259259259	0.9459962756051665	0.4344814958038334	0.4067178056318334	0.5419517285273333	0	4
complex_13102	0.0045182183384895325	0.7887280583381653	0.04927892982959747	0.013998322188854218	0.010757887735962868	0.07373052090406418	0.18888752162456512	0.10987900197505951	0.12696683406829834	0.3111111111108	0.8994413407822001	0.3956061933319999	0.32018437659939997	0.5228159122864	0	1
complex_13149	0.002982270671054721	0.5661993622779846	0.07476375252008438	0.03025512583553791	0.004209261853247881	0.04141515865921974	0.20195472240447998	0.30731597542762756	0.028780490159988403	0.30555555555525	0.8407821229050001	0.31476544735875	0.433557335659	0.5068330233232501	0	1
complex_13177	0.0013445797376334667	0.9528449773788452	0.05373015254735947	0.02634107694029808	0.044921115040779114	0.008349096402525902	0.0046400330029428005	0.06796841323375702	0.22956466674804688	0.3111111111108	0.8994413407822001	0.366654896236	0.43190517208220003	0.536610828684	1	1
complex_1318	0.0034275795333087444	0.8135411739349365	0.042468197643756866	0.08471217006444931	0.01127710472792387	0.20168332755565643	0.019030220806598663	0.1547483503818512	0.17219361662864685	0.24999999999975	0.9196927374301249	0.409085677771875	0.406021559135875	0.525748785294625	0	4
complex_13234	0.003949557431042194	0.9580314755439758	0.08115407824516296	0.13986575603485107	0.017918962985277176	0.04254744201898575	0.009026981890201569	0.14759361743927002	0.01718301884829998	0.222222222222	0.9553072625696666	0.8466076696163333	0.45114942528733337	0.608802677415	0	3
complex_1326	0.002789800986647606	0.9586471319198608	0.005809496622532606	0.024975715205073357	0.02114202454686165	0.09350618720054626	0.01739710569381714	0.0992787703871727	0.3844155967235565	0.285714285714	0.9090183559457141	0.4142152516677142	0.32054348736542854	0.5207040037254286	0	4
complex_13304	0.0046714176423847675	0.7919395565986633	0.05346522852778435	0.011021425947546959	0.0037501209881156683	0.0775592029094696	0.018358856439590454	0.14995267987251282	0.242264062166214	0.33333333333299997	0.87430167597775	0.351345415949	0.30007081060425	0.51111437419575	0	1
complex_13374	0.003200335893779993	0.6709598302841187	0.07005581259727478	0.009992241859436035	0.002061316045001149	0.059457387775182724	0.10679429024457932	0.08978421986103058	0.348222941160202	0.285714285714	0.9090183559457141	0.3825089650782858	0.32924500191942857	0.5168698750530001	0	1
complex_13411	0.002798553789034486	0.8235911726951599	0.10308318585157394	0.026471925899386406	0.003330440493300557	0.04812747240066528	0.329458624124527	0.1259690821170807	0.05503431707620621	0.2777777777775	0.8938547486033334	0.385726434399	0.4598879177761666	0.531479900823	0	0
complex_13418	0.0034062350168824196	0.8225622177124023	0.03268052637577057	0.043815601617097855	0.00892262626439333	0.05199161544442177	0.21020573377609253	0.09382813423871994	0.042468417435884476	0.222222222222	0.9553072625698572	0.43088150787271423	0.4841952556321428	0.5450226221814285	0	4
complex_13420	0.003938174340873957	0.7555050253868103	0.02444285899400711	0.06161613017320633	0.006202970631420612	0.10589892417192459	0.1707087606191635	0.1443137377500534	0.12286735326051712	0.285714285714	0.9090183559457141	0.3843484036435715	0.40495457424000003	0.5297947102007143	0	2
complex_13682	0.0034899862948805094	0.378732830286026	0.047484952956438065	0.008311925455927849	0.01044576708227396	0.09099119156599045	0.04242899268865585	0.07491311430931091	0.03159860521554947	0.20833333333312498	0.9357541899441248	0.4501825421676251	0.5015900757789999	0.5399912774168749	0	1
complex_13766	0.003727006260305643	0.614233136177063	0.024477651342749596	0.005630099214613438	0.18582786619663239	0.013549170456826687	0.1229335144162178	0.015152303501963615	0.34240689873695374	0.222222222222	0.9650837988825001	0.4109909395625001	0.45297482837524994	0.539762968358	0	4
complex_13896	0.0036342740058898926	0.3714361786842346	0.03238341212272644	0.05070274695754051	0.04202116280794144	0.07778764516115189	0.2916891574859619	0.6493453979492188	0.000922929379157722	0.185185185185	1.0	0.4474768200896667	0.5529238580771667	0.5617951747561667	0	0
complex_1391	0.005185410846024752	0.6676807403564453	0.04328353330492973	0.021733855828642845	0.006088349036872387	0.07228462398052216	0.2969646751880646	0.41444823145866394	0.04418834671378136	0.259259259259	0.8929236499068333	0.3065867539116667	0.34032278852783326	0.4918792267953333	0	0
complex_13941	0.0018733589677140117	0.7813898921012878	0.04346660152077675	0.011915620416402817	0.0024211981799453497	0.05985875427722931	0.289840966463089	0.06452424824237823	0.18916970491409302	0.259259259259	0.9478584729981666	0.38573818755766676	0.5233834440693335	0.553892849357	0	2
complex_14016	0.0020034483168274164	0.9786579608917236	0.04898038133978844	0.025348935276269913	0.0042515704408288	0.048484012484550476	0.12431629002094269	0.021368984133005142	0.1331433355808258	0.285714285714	0.9090183559457141	0.356429867773	0.4175946753928571	0.5272483044142857	0	1
complex_14184	0.00517263263463974	0.871566116809845	0.03740931674838066	0.10706112533807755	0.01419044379144907	0.09390319138765335	0.01471464429050684	0.1560152769088745	0.13829366862773895	0.285714285714	0.9090183559457143	0.38429100924357146	0.4084541457537143	0.5303684063861429	0	1
complex_14224	0.00430604163557291	0.883014976978302	0.03720061853528023	0.01685735024511814	0.004165431018918753	0.02137596905231476	0.42865219712257385	0.002604300854727626	0.05383731424808502	0.253968253968	0.9281723862729998	0.34224443171814284	0.4975639857861428	0.5340149496642858	0	3
complex_14300	0.0018846027087420225	0.8044573068618774	0.0529363676905632	0.013683835975825787	0.036926090717315674	0.04154365509748459	0.043365538120269775	0.05771776661276817	0.07855862379074097	0.20634920634899998	0.9553072625698572	0.4314934512970001	0.6853015969758571	0.5733513310184286	0	2
complex_1471	0.001444825902581215	0.4926871657371521	0.03457719832658768	0.021838029846549034	0.0015999438473954797	0.05628212168812752	0.3965388536453247	0.057166993618011475	0.0284552201628685	0.296296296296	0.8938547486033334	0.35389969543716665	0.427487392089	0.526948196221	0	4
complex_14751	0.004274984356015921	0.9113146066665649	0.005325919017195702	0.027165191248059273	0.009388665668666363	0.14233724772930145	0.08157937973737717	0.09095438569784164	0.29718613624572754	0.285714285714	0.9090183559457143	0.3434828386022857	0.3708038903992857	0.5172920020535714	1	1
complex_14785	0.003392797661945224	0.4882405996322632	0.12467241287231445	0.003572230925783515	0.007592885289341211	0.12742076814174652	0.3386180102825165	0.08180336654186249	0.43452194333076477	0.33333333333299997	0.8743016759777501	0.35755222219025	0.3843189683895	0.5261902015334999	0	0
complex_14810	0.0025449192617088556	0.9500966668128967	0.09185689687728882	0.006647797767072916	0.003150742268189788	0.0391085222363472	0.03637402877211571	0.08513219654560089	0.08612397313117981	0.296296296296	0.8938547486033331	0.39669608601550005	0.43733937748833335	0.5357229255505	0	3
complex_14911	0.0023181051947176456	0.6783246397972107	0.10525216162204742	0.054866790771484375	0.024019084870815277	0.0460052564740181	0.09121575951576233	0.19124434888362885	0.2554718255996704	0.3111111111108	0.872625698324	0.34204332900839995	0.47182062934260005	0.530222929537	1	0
complex_15119	0.0026489843148738146	0.8885850310325623	0.026593979448080063	0.09116062521934509	0.0003326211008243263	0.011953568086028099	0.07213674485683441	0.09447808563709259	0.07257784157991409	0.296296296296	0.8938547486033334	0.3471484685301667	0.41989169348566663	0.524557041969	0	3
complex_15333	0.003995267674326897	0.9525876641273499	0.03357752785086632	0.01766912080347538	0.00029999902471899986	0.05486738681793213	0.0646754652261734	0.19561871886253357	0.05902215465903282	0.238095238095	0.953711093375857	0.4227215262614286	0.3983937518422857	0.5341213235077142	0	1
complex_15381	0.0030462751165032387	0.8154003620147705	0.0715087503194809	0.2696567475795746	0.07097665220499039	0.0595049224793911	0.1123821884393692	0.03148212656378746	0.10434567183256149	0.23456790123433333	0.9503414028553333	0.5521755162243335	0.4953267443372223	0.5695534781234445	0	2
complex_15383	0.004282151814550161	0.5723326206207275	0.04143119975924492	0.11592646688222885	0.004278754349797964	0.02993633784353733	0.26638510823249817	0.11945266276597977	0.3242441415786743	0.2777777777775	0.8938547486033334	0.30923201077733337	0.4784062124536667	0.5218172126656667	0	0
complex_15459	0.0030857177916914225	0.6524909734725952	0.026616506278514862	0.016078632324934006	0.007647132501006126	0.10394512116909027	0.03223572298884392	0.05201328173279762	0.08723919093608856	0.259259259259	0.9478584729981666	0.44513585603166667	0.5226200053633334	0.563665220985	0	3
complex_15499	0.003084903582930565	0.944737434387207	0.03665641322731972	0.03249990567564964	0.004684361629188061	0.04739821329712868	0.3997385501861572	0.03606906905770302	0.13833114504814148	0.296296296296	0.8938547486033334	0.3542053759445	0.45266747224216664	0.5311958229975	0	3
complex_15607	0.0028843951877206564	0.8992950320243835	0.03894316405057907	0.05949709564447403	0.09060721844434738	0.06506186723709106	0.0044122422114014626	0.024315882474184036	0.3533642888069153	0.33333333333299997	0.87430167597775	0.37648174490275	0.370692563637	0.52707405452725	0	2
complex_15752	0.0015270739095285535	0.19392848014831543	0.043059442192316055	0.058890484273433685	0.011930961161851883	0.03797626867890358	0.2031789869070053	0.07715688645839691	0.05442550778388977	0.2888888888886	0.8983240223464	0.31526028420759994	0.403535086742	0.5155368655702	0	3
complex_15759	0.004562173970043659	0.9039325714111328	0.030316904187202454	0.008834294974803925	0.00433260016143322	0.10181174427270889	0.02953006885945797	0.04699341952800751	0.02829299122095108	0.222222222222	0.9545091779728572	0.358917045216	0.5184551845442857	0.5384725050251429	1	3
complex_15790	0.0043854122050106525	0.9308243989944458	0.03297252953052521	0.0036111599765717983	0.004810672719031572	0.06844557821750641	0.04215400293469429	0.07346170395612717	0.10575570911169052	0.285714285714	0.9090183559457143	0.3243092740564286	0.3607987215184285	0.512428879815857	0	0
complex_1587	0.004171325359493494	0.7440473437309265	0.11202730238437653	0.009862743318080902	0.07399028539657593	0.11691779643297195	0.03499116748571396	0.12556035816669464	0.10761808604001999	0.296296296296	0.9162011173185001	0.34745994097400007	0.47480695932016664	0.5412102879205	1	0
complex_1592	0.002873465185984969	0.9396452903747559	0.009209979325532913	0.0029009224381297827	0.0015235728351399302	0.09337567538022995	0.436428427696228	0.05893613398075104	0.03236055374145508	0.285714285714	0.9090183559457141	0.3853400424987143	0.3511579157551429	0.5209938735955715	0	0
complex_16222	0.00678509334102273	0.9617456197738647	0.018707070499658585	0.199762225151062	0.009075198322534561	0.08913897722959518	0.03958306461572647	0.1614616960287094	0.14949020743370056	0.3111111111108	0.8994413407822001	0.3354735087922	0.35436065602699995	0.5184898447678	1	1
complex_16356	0.006556353531777859	0.7129794359207153	0.01660596951842308	0.015995925292372704	0.05113384500145912	0.07818236202001572	0.048107750713825226	0.14257203042507172	0.09423208981752396	0.259259259259	0.9459962756051667	0.32169592241783335	0.42479521662383335	0.5261670347949999	0	3
complex_16405	0.0023306328803300858	0.9702765345573425	0.027365608140826225	0.0011840021470561624	0.0004825489304494113	0.04590478911995888	0.46583056449890137	0.06449590623378754	0.06628454476594925	0.285714285714	0.9090183559457141	0.3497065760224286	0.3846951596498571	0.5206445031655714	1	0
complex_16436	0.00511725340038538	0.8747950792312622	0.01780589297413826	0.04647370055317879	0.014535920694470406	0.049975086003541946	0.012129304930567741	0.08975587785243988	0.5262516736984253	0.285714285714	0.9090183559457143	0.34045149620371423	0.37379670467771425	0.5172855807002857	0	2
complex_16605	0.0052145058289170265	0.6630423069000244	0.022147569805383682	0.09927244484424591	0.003003548365086317	0.023285727947950363	0.0009456048719584942	0.039527006447315216	0.04546387121081352	0.2407407407405	0.9478584729981666	0.3632257727655	0.5333414826548334	0.5456276138165	1	2
complex_16718	0.0027759752701967955	0.5899156928062439	0.01859225332736969	0.06120262295007706	0.0070283361710608006	0.04213294759392738	0.028789067640900612	0.06303685903549194	0.031151197850704193	0.20634920634899998	0.9553072625698572	0.44446667101514287	0.6704435883224287	0.5730371995294286	0	4
complex_16821	0.0025329645723104477	0.9293141961097717	0.03750346601009369	0.008673401549458504	0.009263305924832821	0.03225652128458023	0.21442855894565582	0.00829234253615141	0.3744758367538452	0.285714285714	0.9090183559457141	0.37067648836714284	0.4063841290418571	0.5277543167881429	0	2
complex_16859	0.003224132815375924	0.8793462514877319	0.03318643569946289	0.18713395297527313	0.044665321707725525	0.023380663245916367	0.00807767640799284	0.01975163258612156	0.06395500898361206	0.222222222222	0.8929236499068333	0.4222170470425	0.4946379330878333	0.5245244540646666	0	1
complex_17093	0.004113929811865091	0.15014587342739105	0.024554556235671043	0.04835430532693863	0.006763228680938482	0.054914090782403946	0.2800784111022949	0.14891639351844788	0.047158583998680115	0.222222222222	0.9537110933758572	0.3720058632195714	0.42716135405771427	0.525172308079	1	3
complex_17230	0.003932655788958073	0.7652772665023804	0.014232967980206013	0.05962648242712021	0.02335120178759098	0.06331061571836472	0.08174144476652145	0.14953161776065826	0.08882973343133926	0.285714285714	0.9090183559457143	0.33354053494399993	0.3946012170527143	0.5196011725528571	1	3
complex_17417	0.0034456432331353426	0.25947922468185425	0.048984184861183167	0.05390166491270065	0.0020446039270609617	0.153173565864563	0.08599977940320969	0.13648058474063873	0.04333282262086868	0.238095238095	0.9537110933758572	0.4352712383684285	0.41078265903800004	0.5382777600582856	0	1
complex_17453	0.0029137616511434317	0.35578402876853943	0.04259441792964935	0.017709439620375633	0.36736634373664856	0.039747778326272964	0.07000413537025452	0.0632769912481308	0.08650998771190643	0.222222222222	0.9553072625698572	0.43746900207485717	0.6658951441292857	0.5764038526312857	0	2
complex_17459	0.002825372153893113	0.17838063836097717	0.01844162307679653	0.368814617395401	0.005876109469681978	0.12133046984672546	0.12035702168941498	0.30102890729904175	0.029256073758006096	0.285714285714	0.9090183559457143	0.3845336679817143	0.3986778902708572	0.5287794735954285	0	1
complex_17722	0.003690471639856696	0.6058461666107178	0.026974163949489594	0.17196716368198395	0.08068150281906128	0.03794237971305847	0.12767793238162994	0.04250000789761543	0.02376389130949974	0.222222222222	1.0	0.47315919988480004	0.5440563034592001	0.5769433246314	0	1
complex_1777	0.005657692439854145	0.24661467969417572	0.02769707515835762	0.03194550424814224	0.005923330783843994	0.09487832337617874	0.05675291642546654	0.05412355437874794	0.06747231632471085	0.259259259259	0.9459962756051665	0.3867831052615	0.39320082447733334	0.531749166578	1	1
complex_17882	0.008560733869671822	0.4946344196796417	0.04401186853647232	0.04079823195934296	0.015713486820459366	0.056037090718746185	0.032193318009376526	0.032042037695646286	0.08951357752084732	0.253968253968	0.9281723862729998	0.3479677454504286	0.5066922022898571	0.5364902047038572	0	3
complex_18249	0.0027819292154163122	0.8520616292953491	0.03662300109863281	0.0019036431331187487	0.014098544605076313	0.04186003655195236	0.018125135451555252	0.051554176956415176	0.11864157766103745	0.222222222222	0.9553072625698572	0.45833573645228576	0.5135846416435714	0.5544965579464286	0	0
complex_18434	0.0018781510880216956	0.8309658765792847	0.07956261187791824	0.004627722315490246	0.003280178178101778	0.009563826955854893	0.6489832997322083	0.0765654593706131	0.022681867703795433	0.259259259259	0.8929236499068334	0.29350174679133334	0.349694634203	0.4912603665545	0	0
complex_18452	0.0019762497395277023	0.934991180896759	0.0356728695333004	0.0168851837515831	0.000544889597222209	0.04103415086865425	0.003336300840601325	0.012836812995374203	0.06926270574331284	0.33333333333299997	0.87430167597775	0.38149386845025	0.37365585088674996	0.52840328966	0	3
complex_18455	0.0038061183877289295	0.8743395805358887	0.03387076407670975	0.001389934797771275	0.0028325177263468504	0.12684759497642517	0.13736183941364288	0.029174495488405228	0.06129485368728638	0.296296296296	0.8938547486033331	0.3461518379283334	0.42552475470500006	0.5253297804055	0	1
complex_18519	0.003740716725587845	0.22612856328487396	0.03846491500735283	0.012425866909325123	0.03442327305674553	0.08733906596899033	0.01609448343515396	0.12584251165390015	0.0908653736114502	0.20634920634899998	0.9553072625698572	0.38025514308685715	0.6349826297504285	0.5564251184458571	0	3
complex_18576	0.002184698823839426	0.7802214026451111	0.1149054691195488	0.02910338155925274	0.0003826627798844129	0.017169157043099403	0.02815280668437481	0.06998009234666824	0.08695462346076965	0.259259259259	0.9459962756051667	0.38119386444566666	0.42343407797800003	0.5358565020255	0	2
complex_18635	0.0024208668619394302	0.9096013903617859	0.020202472805976868	0.022906184196472168	0.01680944301187992	0.04825131595134735	0.025526637211441994	0.05443437770009041	0.13544632494449615	0.3111111111108	0.8994413407822001	0.3833297896792	0.3266713369704	0.5218510050726001	0	3
complex_18887	0.007170785218477249	0.6809974312782288	0.03325174003839493	0.015730969607830048	0.004632065072655678	0.07840145379304886	0.5082462430000305	0.09478642791509628	0.15973439812660217	0.259259259259	0.9459962756051667	0.35188151538266665	0.4421681853855	0.5340934617491667	0	0
complex_19277	0.0021628469694405794	0.6819670796394348	0.034843772649765015	0.008597195148468018	0.0017495107604190707	0.11600552499294281	0.05874291807413101	0.07765720784664154	0.04233187809586525	0.3111111111108	0.8994413407822001	0.305599319492	0.30563536720160006	0.5053899317468	0	2
complex_19411	0.007633644621819258	0.9222272038459778	0.07454600185155869	0.03392551839351654	0.029510969296097755	0.1009640097618103	0.060808535665273666	0.20331504940986633	0.13857866823673248	0.296296296296	0.8938547486033334	0.37873607646833335	0.36113208593949997	0.5200283753678334	0	3
complex_19465	0.0019408885855227709	0.541397213935852	0.0915452390909195	0.03325270861387253	0.14451360702514648	0.026231279596686363	0.022178489714860916	0.12722769379615784	0.16205643117427826	0.3111111111108	0.872625698324	0.3402576147226	0.47362243114440006	0.5302256107896	1	1
complex_19520	0.005460470449179411	0.7424390316009521	0.028003552928566933	0.1812051385641098	0.012101981788873672	0.04176368936896324	0.03843937814235687	0.084553062915802	0.10604467988014221	0.285714285714	0.9090183559457143	0.33616284649499995	0.3933480842207143	0.519829369006	1	4
complex_19550	0.0027673349250108004	0.7273819446563721	0.07717431336641312	0.0625738799571991	0.004806118551641703	0.07087942957878113	0.12986691296100616	0.11500078439712524	0.025772077962756157	0.3111111111108	0.8994413407822001	0.32495759541279995	0.4019598223138	0.5246703869188	0	0
complex_19805	0.001942295697517693	0.9371737837791443	0.0304131917655468	0.14829105138778687	0.05303790047764778	0.04256159067153931	0.043334055691957474	0.08734458684921265	0.11495636403560638	0.222222222222	0.9478584729981666	0.45286197422166674	0.5160141344354999	0.5515062498498334	0	0
complex_19916	0.0021992800757288933	0.9243237972259521	0.061110593378543854	0.005578827112913132	0.000258091080468148	0.0360669270157814	0.09029177576303482	0.05022125691175461	0.0860491469502449	0.3111111111108	0.8994413407822001	0.2933820169894	0.33086893117759997	0.5075593086588001	0	0
complex_19968	0.0032952656038105488	0.6667913794517517	0.019740331918001175	0.4365791976451874	0.0017818479100242257	0.08225618302822113	0.017988206818699837	0.07347378879785538	0.34671545028686523	0.24999999999975	0.9203910614524999	0.382184748749875	0.471412396686125	0.532396544723625	1	1
complex_20424	0.0032751953694969416	0.19129407405853271	0.04453524574637413	0.021797893568873405	0.004410011228173971	0.08925438672304153	0.3230428695678711	0.09603498876094818	0.10462237149477005	0.3111111111108	0.872625698324	0.3668435228124	0.42247209525959994	0.5261315394903999	0	0
complex_20471	0.0016643425915390253	0.8417725563049316	0.0060798064805567265	0.007915102876722813	0.006181252654641867	0.09736567735671997	0.09738264232873917	0.12834297120571136	0.2227410227060318	0.285714285714	0.9090183559457143	0.33482837406657145	0.3708153814821429	0.5158515064781428	1	3
complex_20579	0.0036752985324710608	0.7374950051307678	0.003553166287019849	0.02507547102868557	0.0031254503410309553	0.1662577986717224	0.22266370058059692	0.04464935138821602	0.0717385858297348	0.285714285714	0.9090183559457143	0.33609218234214283	0.3771158481175714	0.5171122189634285	1	3
complex_20802	0.003854695474728942	0.960991382598877	0.0333058200776577	0.004660379607230425	0.014163103885948658	0.032050564885139465	0.039109714329242706	0.04085700958967209	0.16448183357715607	0.253968253968	0.927374301676	0.3980959170178572	0.47619142417257143	0.5394954087464287	0	2
complex_20912	0.00456169294193387	0.9416065812110901	0.13051755726337433	0.02321472205221653	0.03010486625134945	0.10296232998371124	0.018208205699920654	0.08299333602190018	0.2131015509366989	0.33333333333299997	0.87430167597775	0.336947494655	0.416007591229	0.5280375174177501	1	3
complex_21176	0.0059519605711102486	0.26480919122695923	0.027254438027739525	0.0702185109257698	0.002090192399919033	0.06745970994234085	0.3489105999469757	0.0930018350481987	0.05335930362343788	0.259259259259	0.9459962756051667	0.3879236346978333	0.41498231294300003	0.5355695028948333	0	0
complex_21177	0.002409950830042362	0.7171955704689026	0.015833808109164238	0.2530813217163086	0.0028951221611350775	0.11149685829877853	0.003002313431352377	0.13128544390201569	0.19585976004600525	0.285714285714	0.9090183559457143	0.42646924944857156	0.33912095451600005	0.5258425812141428	0	3
complex_21184	0.004418454132974148	0.8373766541481018	0.0759037435054779	0.01228769589215517	0.004398329649120569	0.09955760091543198	0.5261237025260925	0.023714588955044746	0.26955828070640564	0.24999999999975	0.9203910614525	0.380801476301625	0.38638569356212504	0.5179948821283751	1	0
complex_21291	0.00210173730738461	0.7772424817085266	0.04648760333657265	0.01871420070528984	0.5343784093856812	0.050944529473781586	0.07863067835569382	0.1043103039264679	0.09438789635896683	0.238095238095	0.9361532322425714	0.5931554635727143	0.4814170777765714	0.5705115803372858	0	1
complex_21445	0.002572618890553713	0.6432058811187744	0.05036246404051781	0.012447561137378216	0.00582324992865324	0.0977824404835701	0.22732175886631012	0.041369885206222534	0.03181673586368561	0.259259259259	0.9459962756051667	0.3875916483236667	0.4156683602415	0.5356285130491667	0	0
complex_21873	0.001304157660342753	0.8954363465309143	0.06893784552812576	0.011933273635804653	0.039733801037073135	0.05643877387046814	0.020661065354943275	0.1474163830280304	0.10198717564344406	0.285714285714	0.9090183559457143	0.37621448528528567	0.42036327484014285	0.5310071739077142	0	1
complex_2188	0.00200674613006413	0.8316578269004822	0.07998339831829071	0.005301960743963718	0.0037837920244783163	0.044972311705350876	0.021736524999141693	0.05492763966321945	0.07950849086046219	0.296296296296	0.8938547486033334	0.3761630898798334	0.3448650987366667	0.5168883797358333	0	4
complex_22175	0.004087259527295828	0.9684382081031799	0.013213013298809528	0.018926531076431274	0.0025355261750519276	0.1860019415616989	0.1296045333147049	0.2135753631591797	0.20685291290283203	0.3111111111108	0.8994413407822001	0.3595335587912	0.31509152106480004	0.5159549972738	0	3
complex_22233	0.003706838469952345	0.465110182762146	0.07894212752580643	0.4371430277824402	0.0724508985877037	0.03155798092484474	0.03916000574827194	0.048030562698841095	0.02510332316160202	0.222222222222	0.96648044692725	0.73976769911525	0.50993253373325	0.60451759519125	0	1
complex_22300	0.004498288966715336	0.8036096692085266	0.04593253508210182	0.013354008086025715	0.005554840434342623	0.056112613528966904	0.1711774319410324	0.06705992668867111	0.08431640267372131	0.285714285714	0.9090183559457143	0.33482837406657145	0.3720136039192857	0.516051210217857	1	4
complex_22304	0.003135893726721406	0.9627476334571838	0.01592552289366722	0.035800669342279434	0.010314727202057838	0.1311425417661667	0.04987967759370804	0.14742137491703033	0.08669783174991608	0.259259259259	0.9459962756051667	0.3662826946673334	0.4441872068915	0.5368301618813333	0	3
complex_22365	0.005525997374206781	0.20522929728031158	0.02188042737543583	0.0532284677028656	0.0027887197211384773	0.0621907003223896	0.3656838536262512	0.15341301262378693	0.0935731902718544	0.238095238095	0.9537110933758572	0.3901891483527144	0.4041143781978571	0.5296526982487143	1	2
complex_22545	0.006048349663615227	0.5254397392272949	0.0620843768119812	0.06240948662161827	0.004957860801368952	0.01186309289187193	0.6388491988182068	0.07833276689052582	0.038107212632894516	0.259259259259	0.8929236499068333	0.34840629083083335	0.46197156697350006	0.5191239460228334	0	4
complex_23024	0.003575045382604003	0.6802259087562561	0.059645894914865494	0.014130826108157635	0.0015395336085930467	0.08528035879135132	0.04377735033631325	0.24953410029411316	0.007851152680814266	0.259259259259	0.9459962756051665	0.4029166437641667	0.4066578681396667	0.5366809302723333	0	1
complex_23227	0.0023517166264355183	0.9447612762451172	0.0479576475918293	0.03533420339226723	0.010579016990959644	0.04930652305483818	0.12225428968667984	0.11681358516216278	0.05422541871666908	0.253968253968	0.9082202713487142	0.31159675060771425	0.4092314261567143	0.5075342045665715	0	2
complex_23314	0.0036927866749465466	0.8835631608963013	0.026958996430039406	0.0029533319175243378	0.0005505510489456356	0.043054379522800446	0.06764476746320724	0.06140502914786339	0.05219865217804909	0.19999999999979998	1.0	0.4845132743362	0.5671740174840001	0.5752812153034	0	0
complex_23482	0.0029692561365664005	0.8078441619873047	0.04057063162326813	0.03297339379787445	0.005127906333655119	0.10871560871601105	0.2601275146007538	0.10333377867937088	0.020534371957182884	0.259259259259	0.9459962756051667	0.44116294652449994	0.4449899796106667	0.5494439993108333	0	2
complex_23528	0.0016703280853107572	0.8746199607849121	0.06428969651460648	0.021140918135643005	0.02560720220208168	0.11832761019468307	0.3746796250343323	0.0538470633327961	0.08083666861057281	0.2407407407405	0.8929236499068334	0.30520428722183335	0.5242268098245	0.5161266463901666	0	0
complex_23557	0.0017343353247269988	0.9295026659965515	0.0375366285443306	0.0654110461473465	0.12002634257078171	0.0916108712553978	0.20616114139556885	0.04824887961149216	0.06876885890960693	0.2407407407405	0.9469273743016667	0.424095445636	0.5291092607175	0.5547568227398334	0	4
complex_23668	0.0037037604488432407	0.9570201635360718	0.0531555637717247	0.026592686772346497	0.006562455557286739	0.047404155135154724	0.20050334930419922	0.09438522905111313	0.03743939474225044	0.253968253968	0.9082202713487142	0.3213169552725714	0.4645788471875714	0.518378808849	0	4
complex_23692	0.0026174841914325953	0.7965480089187622	0.07761785387992859	0.007995215244591236	0.005964274518191814	0.027393605560064316	0.30033981800079346	0.044599056243896484	0.262931764125824	0.296296296296	0.8938547486033334	0.3056593498793333	0.419961951765	0.5176538985738333	0	2
complex_23889	0.002564818598330021	0.7388494610786438	0.03098266012966633	0.02701595425605774	0.004238605964928865	0.12461300194263458	0.1315494030714035	0.044641003012657166	0.14319562911987305	0.285714285714	0.9090183559457143	0.38749996589657143	0.4025304748121429	0.5299159540048571	0	3
complex_2400	0.003925882279872894	0.5265735387802124	0.050922077149152756	0.03892822563648224	0.005601381417363882	0.10520821064710617	0.0769963264465332	0.14946819841861725	0.08572949469089508	0.296296296296	0.8938547486033334	0.36984897613583334	0.35081908476466667	0.5168283584501667	0	1
complex_24020	0.003734348574653268	0.3663139343261719	0.016059964895248413	0.2350873351097107	0.005007327068597078	0.03023456782102585	0.030744364485144615	0.12716905772686005	0.09737499058246613	0.2777777777775	0.8938547486033334	0.37907787686533334	0.46426908651233334	0.5311020026901666	0	1
complex_24441	0.0025234560016542673	0.8627139925956726	0.04422394186258316	0.06463996320962906	0.001959544839337468	0.07219316065311432	0.06778798252344131	0.2065914273262024	0.20368854701519012	0.296296296296	0.9162011173184998	0.3685794947136667	0.5012944344801666	0.5491447927371667	0	0
complex_24781	0.0027241164352744818	0.5242241024971008	0.017615944147109985	0.004140948411077261	0.004461935721337795	0.07903008162975311	0.0339551717042923	0.1710892617702484	0.6415603160858154	0.33333333333299997	0.8743016759777501	0.35439019284975004	0.3600102825765	0.52161174900825	0	0
complex_24832	0.0031505979131907225	0.8768923282623291	0.045143548399209976	0.12243995070457458	0.0015099933370947838	0.049447622150182724	0.6346997022628784	0.10642959177494049	0.1277734786272049	0.253968253968	0.9082202713487142	0.41752971707500003	0.4245481684112857	0.5277424893534285	0	1
complex_2488	0.0035840889904648066	0.9758464097976685	0.039176784455776215	0.010068867355585098	0.004176987800747156	0.07950183004140854	0.026901258155703545	0.17411744594573975	0.08718765527009964	0.296296296296	0.8938547486033334	0.35667406676733326	0.35560848445666665	0.5154307735038334	1	4
complex_250	0.004361364059150219	0.6180240511894226	0.018716182559728622	0.1689804494380951	0.006773962173610926	0.08798862248659134	0.0823192372918129	0.13102154433727264	0.09569593518972397	0.285714285714	0.9090183559457143	0.3348400951722857	0.3933480842207143	0.5196089104522856	1	2
complex_25149	0.0025773386005312204	0.4076835811138153	0.06280393898487091	0.012603674083948135	0.07736382633447647	0.08773351460695267	0.03568952903151512	0.24100133776664734	0.37843430042266846	0.3111111111108	0.872625698324	0.3384719004367999	0.41239306018060007	0.5197230965812001	1	3
complex_25300	0.00203706999309361	0.59284907579422	0.0016013523563742638	0.038124680519104004	0.008046222850680351	0.09203996509313583	0.02453947626054287	0.06562033295631409	0.07949208468198776	0.285714285714	0.9090183559457143	0.34919908466814276	0.42474218359171423	0.5272344252634286	0	4
complex_25334	0.0025278518442064524	0.6332435011863708	0.07485054433345795	0.2095830738544464	0.32823270559310913	0.03547590225934982	0.30342769622802734	0.04596276208758354	0.33600056171417236	0.27777777777749996	0.9972067039104999	0.553287424168	0.6782608695649999	0.630252876185	0	4
complex_2538	0.001815048512071371	0.6202923655509949	0.015096784569323063	0.006143783684819937	0.0011565532768145204	0.02809673734009266	0.3591337502002716	0.03083878569304943	0.16865311563014984	0.33333333333299997	0.87430167597775	0.37371445856025	0.31960237829774996	0.51809780924675	0	2
complex_25582	0.004477654583752155	0.759895920753479	0.06675156205892563	0.32121938467025757	0.007571408525109291	0.06548557430505753	0.40571337938308716	0.09379268437623978	0.088805191218853	0.285714285714	0.9090183559457141	0.35900095065242854	0.3961905080784286	0.5241094570087143	0	2
complex_25625	0.0025353836826980114	0.4585789740085602	0.025303665548563004	0.04645051807165146	0.0012067034840583801	0.10272648930549622	0.16439057886600494	0.008018835447728634	0.23888200521469116	0.33333333333299997	0.87430167597775	0.38424185463675004	0.33982971305975	0.5232235977195	0	2
complex_25793	0.0020753261633217335	0.26992589235305786	0.012176143005490303	0.009290983900427818	0.1440049707889557	0.09824972599744797	0.03439188003540039	0.027890430763363838	0.7851409912109375	0.238095238095	0.9537110933758572	0.42969416264785715	0.4230512717907143	0.53939301623	0	0
complex_26044	0.00797826237976551	0.20911738276481628	0.010839576832950115	0.06559581309556961	0.019882190972566605	0.08513104170560837	0.26491451263427734	0.09079639613628387	0.0825343206524849	0.259259259259	0.9459962756051667	0.3783999310313334	0.40605394062250005	0.5324941568971666	1	2
complex_26107	0.003238116856664419	0.8669300079345703	0.051215704530477524	0.018594173714518547	0.004211678169667721	0.10621749609708786	0.07217994332313538	0.04575324058532715	0.13412348926067352	0.285714285714	0.9090183559457141	0.4324768057174285	0.3204884967392857	0.5237384309627142	0	1
complex_26169	0.0063510676845908165	0.9115424752235413	0.054626546800136566	0.010853136889636517	0.003654410829767585	0.05941891297698021	0.05578530207276344	0.03040432743728161	0.09468570351600647	0.20833333333312498	0.9357541899441248	0.41588258831275005	0.509552852622125	0.535601747915	0	0
complex_26310	0.006742906291037798	0.2963702976703644	0.026099564507603645	0.0203105416148901	0.004969287663698196	0.06615831702947617	0.029523257166147232	0.03478081896901131	0.8311563730239868	0.33333333333299997	0.8743016759777501	0.31094833771799996	0.37821943795375	0.517406299049	1	0
complex_26404	0.005808053072541952	0.3178554177284241	0.08604561537504196	0.014844574965536594	0.005990087520331144	0.019434772431850433	0.17354358732700348	0.06250898540019989	0.03145502135157585	0.24999999999975	0.9196927374301249	0.370014214378125	0.4704049184617501	0.529967434616875	0	0
complex_26411	0.003069712081924081	0.625931441783905	0.019435014575719833	0.006728327367454767	0.004027033690363169	0.23189428448677063	0.1942293345928192	0.07794269174337387	0.061375170946121216	0.285714285714	0.9090183559457143	0.34940949247242853	0.412566186815	0.5252401604347143	0	3
complex_26420	0.00883887242525816	0.6330579519271851	0.0471222959458828	0.013703216798603535	0.004162940662354231	0.14027588069438934	0.41302797198295593	0.012783884070813656	0.14893363416194916	0.23456790123433333	0.9292364990688888	0.4325267342964444	0.4054651014506667	0.527600106059	0	0
complex_2655	0.003965030889958143	0.925548791885376	0.015343746170401573	0.02699618600308895	0.023234479129314423	0.08920109272003174	0.07062777876853943	0.14788304269313812	0.07360309362411499	0.285714285714	0.9090183559457141	0.3817399888354286	0.3990145559175715	0.5283699713455714	0	2
complex_2656	0.005681379698216915	0.8379291296005249	0.043541282415390015	0.04593484476208687	0.002546086208894849	0.11676392704248428	0.04454341158270836	0.18168354034423828	0.19701102375984192	0.33333333333299997	0.8743016759777501	0.3858467977235	0.32476621215575	0.52098050475025	1	3
complex_27016	0.003555260132998228	0.6200442314147949	0.03226469084620476	0.02101738564670086	0.051607418805360794	0.04487580433487892	0.12283318489789963	0.0046388753689825535	0.07212935388088226	0.222222222222	0.9545091779728572	0.42593044801371427	0.5043525695398572	0.5472909696574286	0	1
complex_27119	0.00800851546227932	0.26215288043022156	0.019691314548254013	0.25170862674713135	0.013379781506955624	0.060700222849845886	0.05335021764039993	0.10622648149728775	0.07243619114160538	0.285714285714	0.9090183559457143	0.3335173438494286	0.40095772613328573	0.5206567255504286	1	2
complex_27121	0.0016398194711655378	0.6417990922927856	0.0873408243060112	0.04077935218811035	0.08613650500774384	0.04884282127022743	0.03928017243742943	0.0645894929766655	0.0903536006808281	0.236111111110875	0.9441340782122499	0.5588060998736251	0.502065743444125	0.570227036994	0	0
complex_27187	0.0040818736888468266	0.4398600161075592	0.03984047845005989	0.01614353433251381	0.011907419189810753	0.06827232986688614	0.3233402669429779	0.4064709544181824	0.20627832412719727	0.3111111111108	0.872625698324	0.3403067628222	0.4112544020725999	0.5198391306278001	1	1
complex_27290	0.0019679374527186155	0.8746199607849121	0.09408827871084213	0.011699501425027847	0.0002429111918900162	0.054742101579904556	0.008985920809209347	0.18596071004867554	0.07487154006958008	0.2666666666664	0.9620111731844	0.2982848806274	0.45829099791699995	0.5356552597076	0	3
complex_27401	0.0020239956211298704	0.9621001482009888	0.062459420412778854	0.01502440869808197	0.005041954107582569	0.11659764498472214	0.39281246066093445	0.08148258179426193	0.1946386843919754	0.285714285714	0.9090183559457141	0.39675084869442856	0.38412556101	0.5283902821708572	0	1
complex_2740	0.0031450192909687757	0.9580211043357849	0.00963423028588295	0.010854259133338928	0.009632968343794346	0.06449218839406967	0.05345142260193825	0.11848509311676025	0.09308446943759918	0.253968253968	0.9082202713487142	0.42440684608300006	0.3468651957657143	0.5159415154138571	0	4
complex_27488	0.0023499480448663235	0.6710203289985657	0.0799296647310257	0.20113451778888702	0.08090749382972717	0.04831203073263168	0.4067520201206207	0.2400650680065155	0.03314700350165367	0.222222222222	0.9553072625696666	0.8801169590643333	0.4437420986093334	0.613153004543	0	1
complex_27692	0.004780941177159548	0.8714236617088318	0.07662242650985718	0.12939491868019104	0.017505448311567307	0.06752189993858337	0.027479836717247963	0.07585734874010086	0.1403014361858368	0.296296296296	0.8938547486033334	0.36256985062299996	0.37153839945516665	0.5190683899798333	0	1
complex_27842	0.001564130187034607	0.782619833946228	0.03155803307890892	0.020047079771757126	0.004801605362445116	0.04799697920680046	0.18875336647033691	0.0040054419077932835	0.0506456196308136	0.222222222222	0.9545091779728572	0.4124597589464286	0.5346901485328572	0.5501021179782857	0	3
complex_27856	0.006719001568853855	0.38068631291389465	0.039335235953330994	0.03126981481909752	0.022840004414319992	0.07082860171794891	0.06594227254390717	0.13921630382537842	0.03643251955509186	0.222222222222	0.953711093375857	0.4473735665005714	0.419614010796	0.5364757014155714	1	0
complex_27881	0.007583439350128174	0.12228487432003021	0.022053871303796768	0.04401535540819168	0.01790071278810501	0.08893611282110214	0.01760171353816986	0.10019370168447495	0.0923282727599144	0.222222222222	0.953711093375857	0.4584812633462858	0.4065998053041428	0.5361579499745714	0	3
complex_27973	0.002841681009158492	0.5861539244651794	0.08885473757982254	0.009463676251471043	0.006523384712636471	0.044368676841259	0.3762187957763672	0.07495561987161636	0.06105474755167961	0.296296296296	0.8938547486033334	0.3454805619388333	0.4533514052318333	0.5298556761618333	0	4
complex_28117	0.0036212473642081022	0.49190571904182434	0.09706246107816696	0.07058907300233841	0.008144814521074295	0.07183199375867844	0.2672392427921295	0.11927499622106552	0.05145534873008728	0.296296296296	0.8938547486033334	0.38420627928500006	0.40966694005816673	0.5290292181905	0	0
complex_28172	0.0031484439969062805	0.888020932674408	0.07621406018733978	0.04639875888824463	0.046510614454746246	0.005351703148335218	0.027654023841023445	0.16966700553894043	0.04387717321515083	0.296296296296	0.8938547486033334	0.38152386824449996	0.405547406234	0.5278955607129999	0	4
complex_31505	0.002424327889457345	0.5507003664970398	0.019566955044865608	0.008684561587870121	0.0003986914234701544	0.05847477912902832	0.41775190830230713	0.07103194296360016	0.11132528632879257	0.296296296296	0.8938547486033334	0.31034487649066667	0.4403801654905001	0.5218378552968332	0	2
complex_28511	0.002797091146931052	0.6146219968795776	0.04694593697786331	0.05285102128982544	0.011447474360466003	0.030338319018483162	0.43208998441696167	0.05068419128656387	0.053693737834692	0.259259259259	0.8929236499068334	0.37281973048583333	0.4914764646415	0.5281103355766666	0	2
complex_2856	0.0033111264929175377	0.7783910036087036	0.04724865406751633	0.021600227802991867	0.003399132750928402	0.05672982707619667	0.14924021065235138	0.009027418680489063	0.10024713724851608	0.37037037037	0.8324022346369999	0.41322753465699996	0.6169205995296667	0.5726155573666667	0	3
complex_28588	0.003110643941909075	0.9135764837265015	0.07345005869865417	0.026484597474336624	0.006768976803869009	0.030918003991246223	0.37845873832702637	0.04908672347664833	0.15405020117759705	0.3111111111108	0.8994413407822001	0.3373074933916	0.3668847488836	0.5208828576772	0	3
complex_28600	0.0021642614156007767	0.5090601444244385	0.02635224349796772	0.03013487160205841	0.007910576649010181	0.06300029158592224	0.0018809059401974082	0.05350390449166298	0.014985388144850731	0.27777777777749996	1.0	0.6575058861734999	0.667417538214	0.646746496657	0	2
complex_28707	0.0015535802813246846	0.7311803698539734	0.047486938536167145	0.016085533425211906	0.0022582251112908125	0.14039723575115204	0.40422195196151733	0.04882442578673363	0.22788555920124054	0.33333333333299997	0.87430167597775	0.36410256410249997	0.37996982687225	0.52655706826625	0	0
complex_28816	0.00589103065431118	0.2638353407382965	0.03851060941815376	0.004821907728910446	0.010840816423296928	0.07841278612613678	0.026200462132692337	0.033322084695100784	0.49436846375465393	0.222222222222	1.0	0.9444444444440001	0.9363636363640001	0.720875420875	0	1
complex_28838	0.005794855300337076	0.37635722756385803	0.02596638910472393	0.25708040595054626	0.008827087469398975	0.047388706356287	0.1455530822277069	0.1706254631280899	0.004647132940590382	0.2666666666664	0.8994413407822001	0.4569532237674	0.39913098939659997	0.5313833713434	0	2
complex_29077	0.0025737632531672716	0.484987735748291	0.04812949523329735	0.013656518422067165	0.001981547800824046	0.009799380786716938	0.09089379757642746	0.04279209300875664	0.09713223576545715	0.263888888888625	0.9203910614524999	0.40491083400374994	0.38524562779262506	0.526452727079875	0	0
complex_29188	0.003236965276300907	0.8689768314361572	0.017594989389181137	0.1892780363559723	0.0011101962300017476	0.029086902737617493	0.21906928718090057	0.09942007064819336	0.0405636727809906	0.259259259259	0.915270018622	0.3435728173006667	0.43463261058499997	0.5212106639413333	0	1
complex_29298	0.004921771585941315	0.9399309158325195	0.006624966859817505	0.024531910195946693	0.0007327792700380087	0.14002542197704315	0.39618152379989624	0.043765388429164886	0.19530294835567474	0.24999999999975	0.9203910614524999	0.388760883699875	0.40415708868950007	0.52228334921575	0	4
complex_29347	0.003220007289201021	0.8573150038719177	0.014585173688828945	0.11564363539218903	0.02221575193107128	0.10631797462701797	0.02038494497537613	0.08545585721731186	0.0686766654253006	0.285714285714	0.9090183559457143	0.336162846495	0.3624167726278571	0.5146741504074286	1	2
complex_29358	0.0024679566267877817	0.8292314410209656	0.037706613540649414	0.04356807842850685	0.020031537860631943	0.09086457639932632	0.08109791576862335	0.0455634780228138	0.11025899648666382	0.253968253968	0.9361532322425714	0.581226295828	0.4396634472704286	0.5668554525867143	0	3
complex_29499	0.006735638249665499	0.6824575066566467	0.05355733260512352	0.014233676716685295	0.0038305483758449554	0.06983795017004013	0.3082054555416107	0.03473513945937157	0.01987721398472786	0.222222222222	0.9537110933758572	0.39017025957600004	0.42396347613728574	0.5276667278184286	1	4
complex_29504	0.0033009599428623915	0.9566129446029663	0.026910284534096718	0.05942143127322197	0.0035732612013816833	0.14188972115516663	0.5808340311050415	0.10907803475856781	0.16523507237434387	0.285714285714	0.9090183559457143	0.31550152759157146	0.4075322480092858	0.5187498431534286	0	0
complex_29555	0.004156237468123436	0.673256516456604	0.0600041002035141	0.05919463932514191	0.44734543561935425	0.24871960282325745	0.02820049412548542	0.17602194845676422	0.679629385471344	0.222222222222	1.0	0.926605504587	0.873873873874	0.7074873038180001	0	4
complex_29717	0.004989446606487036	0.34478235244750977	0.03965723142027855	0.006091634277254343	0.005839841440320015	0.08548620343208313	0.2837483882904053	0.0843670517206192	0.07820916175842285	0.20833333333312498	0.9357541899441248	0.434643362660875	0.51923738405775	0.540342632212375	0	4
complex_29900	0.003335267771035433	0.6768336296081543	0.03863212838768959	0.16778664290905	0.03806883469223976	0.06910873204469681	0.0752420648932457	0.070476233959198	0.08617282658815384	0.222222222222	0.9537110933758572	0.3784198010622857	0.4285112587894286	0.5264662818411427	1	1
complex_30004	0.002494469517841935	0.7543902397155762	0.032373782247304916	0.050616808235645294	0.005243869032710791	0.09646426886320114	0.09678861498832703	0.22633026540279388	0.09269309788942337	0.259259259259	0.9459962756051667	0.33356141853216664	0.4681880602496667	0.5353767580851667	1	0
complex_30072	0.008009099401533604	0.9275568723678589	0.015778547152876854	0.23090843856334686	0.014883778057992458	0.06785254925489426	0.012962926179170609	0.036516010761260986	0.1539587676525116	0.3111111111108	0.8994413407822001	0.32836225721199996	0.3703659404002	0.5199721835665999	0	0
complex_30298	0.0026565617881715298	0.8512498736381531	0.07072388380765915	0.008434190414845943	0.0048999725840985775	0.12012477219104767	0.05065574496984482	0.19457533955574036	0.047307077795267105	0.285714285714	0.9090183559457141	0.36642420864228575	0.3511579157551429	0.5178412346195714	0	3
complex_30689	0.003084423253312707	0.4060402810573578	0.07343249022960663	0.04648606479167938	0.16387173533439636	0.06331367045640945	0.016659054905176163	0.30616649985313416	0.1480751633644104	0.3111111111108	0.872625698324	0.342092477108	0.46473771252519996	0.5290506347506	1	2
complex_30699	0.004455083515495062	0.7952110767364502	0.12112655490636826	0.03062567487359047	0.00914887897670269	0.09181518107652664	0.469046413898468	0.06369246542453766	0.2716182768344879	0.285714285714	0.9090183559457143	0.38022744841642864	0.40690237060999995	0.5294325170578571	0	4
complex_30875	0.004007068462669849	0.782416045665741	0.045686956495046616	0.006740758661180735	0.00343656400218606	0.0640711709856987	0.041854649782180786	0.028372181579470634	0.902704119682312	0.2666666666664	0.9620111731844	0.23672906461879997	0.4652312587732	0.5265526671822	0	0
complex_3093	0.0027640042826533318	0.4412042796611786	0.05693647265434265	0.039938248693943024	0.0043824538588523865	0.04785409942269325	0.13672129809856415	0.1246408149600029	0.06822235137224197	0.296296296296	0.8938547486033334	0.3400627977828334	0.368721345759	0.5148477055568333	0	3
complex_31206	0.0027423088904470205	0.6218311786651611	0.029835760593414307	0.0017060611862689257	0.002053752774372697	0.05842824652791023	0.04988187924027443	0.08417131006717682	0.04112112522125244	0.238095238095	0.9082202713487142	0.4222975191687143	0.4266989216015714	0.5236045766098573	0	3
complex_31231	0.003069056896492839	0.7218822836875916	0.14617718756198883	0.06246369704604149	0.06358762830495834	0.12040355056524277	0.0030079546850174665	0.11513932049274445	0.04607806354761124	0.222222222222	0.9731843575418	0.6725663716813999	0.3414747889214	0.567475720022	0	4
complex_31342	0.003429917385801673	0.8077122569084167	0.030034920200705528	0.002238351618871093	0.006284564267843962	0.05616926774382591	0.010430609807372093	0.04365948960185051	0.1795366406440735	0.253968253968	0.927374301676	0.31265822309014285	0.4821246448248571	0.5262446632005715	0	0
complex_31783	0.0028492065612226725	0.5449321269989014	0.0815395638346672	0.02302405796945095	0.005324093624949455	0.04908689484000206	0.08185906708240509	0.12334603071212769	0.19537469744682312	0.33333333333299997	0.8743016759777501	0.27073808258050003	0.37996982687225006	0.51099632134575	0	4
complex_32107	0.0045356471091508865	0.6623221039772034	0.02858015149831772	0.076848104596138	0.0041968137957155704	0.023074094206094742	0.24626076221466064	0.0799836665391922	0.16188021004199982	0.2777777777775	0.8938547486033334	0.3739243019053334	0.47533034270349994	0.5320866162283333	0	1
complex_32137	0.004384676925837994	0.6007777452468872	0.029173018410801888	0.051852911710739136	0.00866374559700489	0.06672381609678268	0.39388927817344666	0.05895126238465309	0.31929609179496765	0.285714285714	0.9090183559457141	0.36383097247499996	0.39616228914799995	0.5249097574905714	0	1
complex_32194	0.0027596973814070225	0.7887333035469055	0.03223505988717079	0.7811567783355713	0.03207097947597504	0.09393972158432007	0.10549698024988174	0.01730853132903576	0.4065283536911011	0.259259259259	0.9478584729981666	0.3339853135788334	0.5150979978333333	0.5438864626546667	0	4
complex_32238	0.0026889736764132977	0.9709253907203674	0.04745723679661751	0.027808859944343567	0.0008840275113470852	0.02402554824948311	0.0030583033803850412	0.040154848247766495	0.04910435900092125	0.285714285714	0.9090183559457143	0.3830154990394286	0.3481441259691429	0.5201041513881429	0	4
complex_32284	0.004271223675459623	0.4717431366443634	0.07842806726694107	0.3770030736923218	0.1474878191947937	0.10994134843349457	0.4225024878978729	0.0019395634299144149	0.07629812508821487	0.222222222222	0.9650837988825	0.694205092377	0.5728042722475001	0.60693690113925	1	2
complex_32332	0.0074156043119728565	0.40791603922843933	0.0188917089253664	0.0050018117763102055	0.0032909854780882597	0.22618889808654785	0.011173049919307232	0.15728388726711273	0.04883572831749916	0.238095238095	0.9265762170790001	0.4458131071457143	0.5372515626237144	0.5520679300194287	0	4
complex_32376	0.0018316888017579913	0.7817855477333069	0.03248339146375656	0.004313228651881218	0.0017865459667518735	0.01101683173328638	0.40507611632347107	0.01087230909615755	0.0731659084558487	0.33333333333299997	0.8743016759777501	0.36016621652700004	0.327445138334	0.5171468955805001	0	3
complex_32423	0.0028052974957972765	0.9743486642837524	0.006976751610636711	0.06313589215278625	0.0010417489102110267	0.05297427624464035	0.08388692885637283	0.04826948791742325	0.08539106696844101	0.24999999999975	0.9196927374301249	0.409118057598	0.347895630239625	0.5160665271165	0	3
complex_32669	0.005249967332929373	0.7279078364372253	0.02422432042658329	0.010121297091245651	0.007681765127927065	0.055509302765131	0.45828789472579956	0.1152123510837555	0.011710618622601032	0.259259259259	0.9459962756051665	0.40876504699616667	0.46738689246599996	0.5477771681985001	0	2
complex_3274	0.0024124709889292717	0.9397233724594116	0.04442601278424263	0.03664957359433174	0.004694035742431879	0.12480419129133224	0.12485412508249283	0.20529015362262726	0.06679103523492813	0.285714285714	0.9090183559457143	0.3783032119288572	0.4269908857025714	0.5324598968251428	1	2
complex_32817	0.004590610973536968	0.768185555934906	0.05750282108783722	0.005391220096498728	0.012806816957890987	0.036140162497758865	0.6618136167526245	0.12613525986671448	0.11480344831943512	0.3111111111108	0.872625698324	0.3620511312642	0.5025054837002001	0.538671705639	0	0
complex_32947	0.003168833674862981	0.7941487431526184	0.043197907507419586	0.018812146037817	0.010279948823153973	0.08263121545314789	0.11275709420442581	0.19486746191978455	0.0741538256406784	0.285714285714	0.9090183559457141	0.3843655395181429	0.38287357555585705	0.5261173997324285	0	4
complex_33013	0.005374737083911896	0.8476686477661133	0.025120379403233528	0.013708559796214104	0.019277792423963547	0.024417515844106674	0.09316296875476837	0.031203679740428925	0.01887732371687889	0.222222222222	1.0	0.46728673386840003	0.5673194211912	0.579841766584	0	2
complex_33063	0.011240440420806408	0.23466253280639648	0.03639998659491539	0.022189384326338768	0.18121691048145294	0.020256688818335533	0.17270570993423462	0.006075380370020866	0.011147385463118553	0.2037037037035	1.0	0.46087258924033336	0.5245645536181667	0.5654740917109999	0	4
complex_33181	0.0027126511558890343	0.5833373665809631	0.04242487624287605	0.07482229918241501	0.009708709083497524	0.06801793724298477	0.046375516802072525	0.014464148320257664	0.03753729909658432	0.24999999999975	1.0	0.48626239753925005	0.3392781112315	0.55425675146175	0	2
complex_33223	0.00292381108738482	0.5855678915977478	0.011309421621263027	0.02431241236627102	0.0028319754637777805	0.05995208024978638	0.010667772963643074	0.010221336968243122	0.048909563571214676	0.33333333333299997	0.87430167597775	0.37810042347249995	0.42049270788225	0.5356438583294999	0	1
complex_33245	0.002666669199243188	0.922391951084137	0.06993089616298676	0.039659127593040466	0.012589417397975922	0.031238503754138947	0.1391228586435318	0.10126829147338867	0.045291125774383545	0.24999999999975	0.9203910614524999	0.43099301131925005	0.430342659176375	0.533686298900125	0	1
complex_33301	0.0048119486309587955	0.8999565839767456	0.021522117778658867	0.1327943503856659	0.017902707681059837	0.042976465076208115	0.016123836860060692	0.08117421716451645	0.16086643934249878	0.238095238095	0.9537110933758572	0.44453569718728564	0.4125436617165714	0.5401153369744286	0	3
complex_33523	0.003921808674931526	0.8678861856460571	0.045028477907180786	0.02095063403248787	0.01409576740115881	0.06560979783535004	0.015084472484886646	0.05139009281992912	0.22585487365722656	0.296296296296	0.8938547486033334	0.35222658615783337	0.4813292117668333	0.5356429812871667	0	2
complex_3368	0.0032180044800043106	0.9422442317008972	0.02822986990213394	0.005183889996260405	0.20500274002552032	0.04179011657834053	0.32876166701316833	0.02186955325305462	0.05843241512775421	0.238095238095	0.9353551476455714	0.4197158114021429	0.46119822345299993	0.5379691343895714	0	3
complex_33758	0.007542730309069157	0.2595098912715912	0.0471886582672596	0.20988063514232635	0.0028010897804051638	0.01671103574335575	0.19950032234191895	0.2680302858352661	0.08039528131484985	0.253968253968	0.927374301676	0.3040332796827143	0.5090604587624286	0.5292964749554285	0	2
complex_33800	0.002536888001486659	0.7659937739372253	0.024169690907001495	0.06851274520158768	0.0019474803702905774	0.16647827625274658	0.21952854096889496	0.08388926833868027	0.11090469360351562	0.285714285714	0.9090183559457143	0.4197602686412857	0.42081079634671426	0.5383393913845714	0	0
complex_33812	0.004620038438588381	0.717502236366272	0.0008167269406840205	0.74976646900177	0.028161579743027687	0.032290324568748474	0.0390169657766819	0.13706137239933014	0.19891928136348724	0.33333333333299997	0.8743016759777501	0.3710183397685	0.373073626817	0.526560330868	0	3
complex_3408	0.0027932277880609035	0.14866317808628082	0.03186998516321182	0.04398144781589508	0.07561040669679642	0.04313134774565697	0.3660114109516144	0.00041769936797209084	0.05049348622560501	0.222222222222	0.9553072625698572	0.4393994408662858	0.5622098725074286	0.5594447138264286	0	0
complex_34109	0.0019623914267867804	0.9024505615234375	0.03685011342167854	0.027386493980884552	0.005065010394901037	0.043821901082992554	0.18606340885162354	0.06700196117162704	0.21927516162395477	0.296296296296	0.8938547486033331	0.3842104479649999	0.4016331852615	0.5276909538376665	0	0
complex_34118	0.0026770802214741707	0.9560938477516174	0.07192773371934891	0.011873658746480942	0.0016004799399524927	0.039866697043180466	0.40972083806991577	0.019245577976107597	0.20876803994178772	0.285714285714	0.9090183559457143	0.34045149620371423	0.38844218160742855	0.5197264935217142	0	0
complex_34266	0.004195582587271929	0.8627390265464783	0.018050972372293472	0.16809901595115662	0.0044793495908379555	0.07041105628013611	0.05936164781451225	0.1426844596862793	0.07222773879766464	0.296296296296	0.8938547486033334	0.3041087231351666	0.401334254487	0.5142908445703334	0	2
complex_34705	0.0046268668957054615	0.7619492411613464	0.06842286139726639	0.03672334924340248	0.006048846989870071	0.11616677790880203	0.011904168874025345	0.0855112075805664	0.09881158173084259	0.33333333333299997	0.8743016759777501	0.41522988505724995	0.30990537240525	0.5234008793472501	0	3
complex_35003	0.002367209643125534	0.5654106140136719	0.06554761528968811	0.018954124301671982	0.00018946995260193944	0.06627018004655838	0.16548605263233185	0.17547547817230225	0.061558958142995834	0.296296296296	0.8938547486033331	0.3891779114326666	0.32333177992400003	0.5154686301926668	0	3
complex_35035	0.004231961909681559	0.9650244116783142	0.013939991593360901	0.09538780897855759	0.009695435874164104	0.06594318896532059	0.03408987075090408	0.0692819133400917	0.3128150701522827	0.285714285714	0.9090183559457143	0.38409713258000006	0.4075322480092857	0.530182443984857	0	3
complex_35073	0.007607063744217157	0.30767613649368286	0.023263538256287575	0.25622233748435974	0.03983737528324127	0.06900649517774582	0.1117541566491127	0.020773572847247124	0.7570065855979919	0.33333333333299997	0.8743016759777501	0.370799440526	0.3491882150595	0.5225429457012499	0	2
complex_35265	0.0025398526340723038	0.863186240196228	0.046281054615974426	0.022885436192154884	0.0024365768767893314	0.005464167799800634	0.22189761698246002	0.11047232896089554	0.07272154092788696	0.24999999999975	0.9196927374301249	0.36606941593974995	0.487099919714	0.532092468419125	1	1
complex_35540	0.002505286829546094	0.38658687472343445	0.027563022449612617	0.08443290740251541	0.03823815658688545	0.022572441026568413	0.008331209421157837	0.011866559274494648	0.10056588053703308	0.22222222222199994	1.0	0.47564603981959996	0.6458885941646	0.5943298464048	0	3
complex_35898	0.0020523476414382458	0.899438738822937	0.050733357667922974	0.012201954610645771	0.0020338932517915964	0.10919953137636185	0.17105558514595032	0.09649008512496948	0.06095965951681137	0.2777777777775	0.8938547486033331	0.36627623046049995	0.4829645646833333	0.5320843079843334	0	2
complex_36177	0.005004452541470528	0.7242647409439087	0.030179239809513092	0.06490863859653473	0.0028157031629234552	0.06516735255718231	0.004868941847234964	0.016907336190342903	0.0033587776124477386	0.24999999999975	1.0	0.38341341210025	0.5648704292475	0.57471397355775	0	0
complex_36401	0.0017173327505588531	0.25238728523254395	0.06483649462461472	0.0050349049270153046	0.0051902648992836475	0.04052116721868515	0.27069902420043945	0.18842542171478271	0.07433509081602097	0.296296296296	0.8938547486033334	0.37545059281783333	0.3749201254071666	0.5217788013373333	0	1
complex_36825	0.002467694226652384	0.9189675450325012	0.018764549866318703	0.024196580052375793	0.07229102402925491	0.04835795983672142	0.4126669466495514	0.0953277200460434	0.0673866719007492	0.222222222222	0.9361532322425714	0.36967349016957135	0.5793951362768572	0.5443032558962857	0	2
complex_37176	0.004503907635807991	0.8056952953338623	0.010784300975501537	0.05784155800938606	0.030531760305166245	0.050306398421525955	0.07167339324951172	0.15912792086601257	0.09286577254533768	0.285714285714	0.9090183559457143	0.3116743173478571	0.41576642756328575	0.5194843380385713	0	3
complex_37236	0.0035636858083307743	0.21119260787963867	0.05355173721909523	0.031510669738054276	0.014245515689253807	0.03390718623995781	0.6190876960754395	0.11325995624065399	0.02167154848575592	0.238095238095	0.9265762170790001	0.30572286736914284	0.5336140971349999	0.5281133124754285	0	3
complex_37261	0.001610122388228774	0.5211225152015686	0.033261146396398544	0.41296470165252686	0.3149953782558441	0.050670474767684937	0.34840938448905945	0.056126270443201065	0.19641010463237762	0.185185185185	1.0	0.45553961040683333	0.6133367881156666	0.5732077948155	0	2
complex_37283	0.004930268507450819	0.9462568759918213	0.045268334448337555	0.04555276036262512	0.005272338632494211	0.05822722986340523	0.2459067702293396	0.2070869505405426	0.19969668984413147	0.285714285714	0.9090183559457141	0.37524874153628573	0.44812451025757144	0.5354730891857143	0	1
complex_37386	0.001918837078846991	0.9376686811447144	0.02548234723508358	0.17212845385074615	0.0031727601308375597	0.1429610401391983	0.09397318214178085	0.12951861321926117	0.3738009035587311	0.296296296296	0.8938547486033331	0.33864460384716666	0.4016331852615	0.5200966464846667	0	0
complex_3739	0.005630984902381897	0.666290283203125	0.02272232063114643	0.0011276729637756944	0.006403584498912096	0.11884979903697968	0.22345231473445892	0.07376592606306076	0.5376593470573425	0.285714285714	0.9090183559457141	0.33108482330985717	0.3814460901415715	0.5169993661287143	1	2
complex_37567	0.001732629258185625	0.6772232055664062	0.07252641022205353	0.02453872188925743	0.0052289944142103195	0.046586863696575165	0.227920264005661	0.028423886746168137	0.06047113239765167	0.236111111110875	0.9196927374301249	0.41892604708487496	0.436747450127625	0.527880199049125	0	2
complex_37597	0.0038300463929772377	0.2826317548751831	0.027420751750469208	0.006677806843072176	0.002192022744566202	0.0661039799451828	0.07613629847764969	0.0703049749135971	0.055107418447732925	0.259259259259	0.9478584729981666	0.36619190404799995	0.4977793433195	0.5463677853136667	0	1
complex_3761	0.0018734264886006713	0.7330918312072754	0.0610104501247406	0.027137430384755135	0.03701880946755409	0.055758845061063766	0.21488842368125916	0.04946918040513992	0.05984310805797577	0.23456790123433333	0.9503414028553333	0.5462845905323334	0.47499596375955555	0.5651831937452223	0	0
complex_37632	0.003600349649786949	0.828839123249054	0.09384231269359589	0.05937421694397926	0.03837955743074417	0.08423260599374771	0.022784018889069557	0.12926343083381653	0.2542460560798645	0.33333333333299997	0.87430167597775	0.33465391667325	0.416007591229	0.52765525442075	1	4
complex_37689	0.002128737745806575	0.19930171966552734	0.047896403819322586	0.02167533151805401	0.004630814306437969	0.06296718120574951	0.3470993638038635	0.02965281903743744	0.23268362879753113	0.33333333333299997	0.87430167597775	0.40593883357050004	0.33172775689225	0.5254894348475	0	2
complex_37745	0.0054281651973724365	0.9502145648002625	0.05257479473948479	0.325506329536438	0.008459826000034809	0.04810028523206711	0.020592937245965004	0.0631323754787445	0.058829937130212784	0.259259259259	0.8929236499068333	0.3204319379353334	0.3357088764603333	0.4934177721215	0	2
complex_37774	0.002219816902652383	0.9460769295692444	0.11137793213129044	0.022736866027116776	0.0026166168972849846	0.028821801766753197	0.20837675034999847	0.008329124189913273	0.11306162923574448	0.3111111111108	0.8994413407822001	0.3555406911928	0.4019598223138	0.5297675695486	0	3
complex_3781	0.0017852619057521224	0.4137641191482544	0.1285506635904312	0.04541556164622307	0.014002450741827488	0.05825156345963478	0.1485636681318283	0.24401341378688812	0.11980503797531128	0.259259259259	0.8929236499068333	0.331110611674	0.48608786163150003	0.520260715273	0	4
complex_37895	0.0024734886828809977	0.9355053305625916	0.07859334349632263	0.030441414564847946	0.008653184399008751	0.08819152414798737	0.006302100606262684	0.09317539632320404	0.2883283495903015	0.296296296296	0.8938547486033334	0.24992533027299998	0.48269035041266667	0.518819628414	0	2
complex_3826	0.003243731800466776	0.4789333641529083	0.06415699422359467	0.011912968941032887	0.005052775610238314	0.09294623881578445	0.0785210058093071	0.15637226402759552	0.06271393597126007	0.285714285714	0.9090183559457143	0.37475788782857145	0.4128470563254285	0.5295117045791428	0	0
complex_4050	0.0026781167834997177	0.9213653802871704	0.03634181618690491	0.10063543170690536	0.0007269614143297076	0.03209387883543968	0.032923873513936996	0.14876945316791534	0.2938707172870636	0.285714285714	0.9090183559457141	0.34115029368800004	0.43802408069714294	0.5281066096175714	0	3
complex_4157	0.0026085751596838236	0.7350805401802063	0.05141874775290489	0.060196686536073685	0.0026866276748478413	0.008291543461382389	0.10930123180150986	0.04634484276175499	0.05850239843130112	0.3111111111108	0.8994413407822001	0.2737247867336	0.4019598223138	0.5161315854722001	0	0
complex_4450	0.0022119719069451094	0.6209931373596191	0.047651927918195724	0.019142869859933853	0.22773370146751404	0.07713581621646881	0.16290609538555145	0.03502249717712402	0.08099594712257385	0.259259259259	0.998137802607	0.501116638068	0.6265410223003333	0.6070752973503333	1	0
complex_4599	0.0022333513479679823	0.5680636167526245	0.0386211983859539	0.69756019115448	0.011010340414941311	0.155728280544281	0.1263006180524826	0.08055860549211502	0.10203221440315247	0.23456790123433333	0.9292364990688888	0.42228745237599996	0.47663723159044447	0.5377555807623334	0	4
complex_4659	0.0021736514754593372	0.9739011526107788	0.03824665769934654	0.022652873769402504	0.03486214578151703	0.0425645112991333	0.00457391794770956	0.18968123197555542	0.14838431775569916	0.285714285714	0.9090183559457141	0.35706069714485716	0.4632023583367144	0.5349547231337143	0	2
complex_489	0.004991705529391766	0.6972979307174683	0.05678576976060867	0.014994317665696144	0.002868429059162736	0.03928907588124275	0.38646242022514343	0.11193710565567017	0.023751020431518555	0.253968253968	0.9082202713487142	0.4087770426627143	0.454742802569	0.5313161493108571	0	2
complex_5196	0.00221478589810431	0.5692999958992004	0.05954138562083244	0.030803969129920006	0.009085235185921192	0.0704805850982666	0.1429990530014038	0.16021624207496643	0.052540287375450134	0.285714285714	0.9090183559457143	0.4052844693494286	0.40637243992928573	0.5335203654331429	1	3
complex_5230	0.005354341119527817	0.8743833899497986	0.042512163519859314	0.19481131434440613	0.01594722643494606	0.1265387386083603	0.10560158640146255	0.20055462419986725	0.11316033452749252	0.285714285714	0.9090183559457143	0.38409713258000006	0.4137881527648572	0.5312250947774286	0	3
complex_5244	0.002006910741329193	0.9391393661499023	0.007457525935024023	0.016342613846063614	0.018558435142040253	0.07522358745336533	0.02959802746772766	0.21470901370048523	0.12740381062030792	0.2666666666664	0.9620111731844	0.3985114064762	0.451437655792	0.5512174569952	0	1
complex_5318	0.005240931175649166	0.38290804624557495	0.03821831941604614	0.02508551813662052	0.012525470927357674	0.10128942131996155	0.04101260006427765	0.05719003081321716	0.04120941087603569	0.259259259259	0.9459962756051667	0.43476522703950005	0.4493300219106667	0.5491010531131667	0	4
complex_5477	0.0029379709158092737	0.7749448418617249	0.027758082374930382	0.012192289344966412	0.0009867079788818955	0.04036678373813629	0.2233835905790329	0.12848491966724396	0.016355538740754128	0.259259259259	0.9459962756051667	0.3652173913044999	0.43341509122266664	0.5348572587093333	0	4
complex_5499	0.002822248265147209	0.5512431263923645	0.031952157616615295	0.012952885590493679	0.002437265357002616	0.04792973771691322	0.20724570751190186	0.0594182051718235	0.15521109104156494	0.24999999999975	1.0	0.401989833544	0.5814764482904999	0.5805777136392499	0	3
complex_5804	0.0036573640536516905	0.6822729706764221	0.007714743260294199	0.15518322587013245	0.038797203451395035	0.05536585673689842	0.04494154080748558	0.07532482594251633	0.11738865822553635	0.24999999999975	0.9203910614524999	0.37958816752575	0.39436479608075004	0.5191225144185	1	0
complex_6008	0.0031005898490548134	0.32319313287734985	0.0296355951577425	0.17569312453269958	0.009021367877721786	0.15497194230556488	0.021411636844277382	0.10209845751523972	0.1465444713830948	0.259259259259	0.9459962756051667	0.4138450634578333	0.43447693073650007	0.5431388439871667	0	1
complex_6116	0.0020905311685055494	0.6958327889442444	0.051267705857753754	0.02310827188193798	0.0019294556695967913	0.04649045690894127	0.6236926913261414	0.02662947215139866	0.15524522960186005	0.33333333333299997	0.8743016759777501	0.29656055417050003	0.38183901259549996	0.51561159756475	0	4
complex_6372	0.002740380819886923	0.15749973058700562	0.07622082531452179	0.005284739192575216	0.006247260142117739	0.06114110350608826	0.083188496530056	0.060986410826444626	0.012463702820241451	0.30555555555525	0.8407821229050001	0.32653526414574996	0.47987475282825004	0.51651422898275	0	2
complex_6431	0.004862613044679165	0.3273314833641052	0.023813342675566673	0.010502701625227928	0.01850827783346176	0.06075397506356239	0.2525792419910431	0.08169107139110565	0.028808150440454483	0.259259259259	0.9459962756051667	0.45301406554466667	0.45229785685949997	0.5526371653555	0	3
complex_6474	0.0034849257208406925	0.8404402136802673	0.054488230496644974	0.06640171259641647	0.006776678375899792	0.08749585598707199	0.016276361420750618	0.04668346047401428	0.3059679865837097	0.3111111111108	0.8994413407822001	0.35879831561260006	0.4384700506802	0.5363955450132001	0	4
complex_6513	0.00277251866646111	0.95024174451828	0.002392648719251156	0.00186668720562011	0.001124015310779214	0.12402033060789108	0.1432170420885086	0.10579438507556915	0.35397061705589294	0.285714285714	0.9090183559457143	0.3378885724017142	0.36980546145385707	0.5161932195292858	0	4
complex_6541	0.009025338105857372	0.23675499856472015	0.04521876946091652	0.121477872133255	0.00016362729365937412	0.0760599747300148	0.11632981896400452	0.08833181858062744	0.07661549746990204	0.222222222222	0.9776536312848333	0.4667824693636667	0.3410273507618334	0.5345935878566667	0	1
complex_6570	0.0049362280406057835	0.7961305379867554	0.047148484736680984	0.009271879680454731	0.009670428931713104	0.10596982389688492	0.04843739792704582	0.0021153551060706377	0.1764589548110962	0.222222222222	0.9553072625698572	0.37888010547342854	0.5034358689224286	0.5395624906631429	1	2
complex_6600	0.0045840260572731495	0.7955821752548218	0.020531505346298218	0.011168225668370724	0.0030759242363274097	0.03862462192773819	0.1774076372385025	0.10069873183965683	0.0939834788441658	0.253968253968	0.9082202713487142	0.4156202205695714	0.3451862510437143	0.5141972537080001	0	0
complex_6703	0.006160364951938391	0.6000177264213562	0.0035631763748824596	0.018466461449861526	0.0036380710080266	0.08693724870681763	0.1185854822397232	0.04265706241130829	0.16493260860443115	0.20833333333312498	0.9357541899441251	0.43058120706762504	0.508631746901125	0.5378980000872501	0	2
complex_6810	0.0031310953199863434	0.7548769116401672	0.02615853026509285	0.03896985948085785	0.00163549673743546	0.028132164850831032	0.13221383094787598	0.069801464676857	0.01521263923496008	0.222222222222	1.0	0.4965516105115999	0.544282721982	0.5808797961564	0	4
complex_685	0.003719613654538989	0.8149889707565308	0.012716900557279587	0.011140177957713604	0.19383838772773743	0.0636817216873169	0.4803754389286041	0.000443867698777467	0.4877193570137024	0.222222222222	0.998137802607	0.46076264944166667	0.32337987137933333	0.5374770950800001	0	2
complex_6957	0.0043766917660832405	0.49898794293403625	0.04553007706999779	0.045150190591812134	0.004741894546896219	0.013275868259370327	0.31532078981399536	0.16778159141540527	0.04855576530098915	0.222222222222	0.953711093375857	0.44868418249	0.42239709788700003	0.5371579852622858	1	2
complex_7221	0.0025124517269432545	0.9600539803504944	0.03915184736251831	0.028119636699557304	0.0075114332139492035	0.0403890460729599	0.46686655282974243	0.04901505634188652	0.2857392430305481	0.296296296296	0.8938547486033331	0.36058808043583335	0.4094171801315	0.5250512250611666	0	3
complex_7320	0.004092038609087467	0.8562720417976379	0.021476037800312042	0.0656638890504837	0.007764344569295645	0.1024758517742157	0.09126824885606766	0.18420420587062836	0.15483763813972473	0.296296296296	0.8938547486033334	0.36598918854133333	0.36822714621366665	0.5190864040926667	0	1
complex_7427	0.00434005307033658	0.2759333550930023	0.042796988040208817	0.11926518380641937	0.007092577405273914	0.11792480945587158	0.16458937525749207	0.07506585121154785	0.03713827580213547	0.259259259259	0.9459962756051667	0.44594103960349996	0.4188001331125	0.5458753737406667	0	4
complex_7437	0.0030915015377104282	0.9335614442825317	0.04051543399691582	0.12243008613586426	0.01017817109823227	0.015561026521027088	0.3237019181251526	0.03194507211446762	0.04741986468434334	0.253968253968	0.9082202713487142	0.3485948754947143	0.47443611159599997	0.5245680062872856	0	2
complex_7559	0.004740728065371513	0.22340643405914307	0.04794522002339363	0.05378873273730278	0.010116803459823132	0.18009310960769653	0.1591133028268814	0.2420947402715683	0.009898136369884014	0.2666666666664	0.9620111731844	0.3229624025202	0.48872911722300005	0.5448411999074	0	1
complex_7661	0.0031016813591122627	0.7346045970916748	0.022303808480501175	0.007173900492489338	0.0064172567799687386	0.10502162575721741	0.2840156555175781	0.16697847843170166	0.06625041365623474	0.296296296296	0.8938547486033334	0.3410100207665	0.40810871062383336	0.5215701368648333	0	1
complex_76	0.0033052919898182154	0.787506103515625	0.01678614690899849	0.004282562993466854	0.002780772279947996	0.07984550297260284	0.047156549990177155	0.14930088818073273	0.07354971021413803	0.20833333333312498	0.9357541899441248	0.4558357486425	0.44802266131175	0.532005576084875	0	1
complex_7865	0.005867196712642908	0.46968352794647217	0.014985631220042706	0.03762945160269737	0.00856914184987545	0.0997365415096283	0.01095831673592329	0.24541908502578735	0.1558549404144287	0.285714285714	0.9090183559457143	0.38429100924357146	0.40267717299971423	0.5294055775938572	0	2
complex_7907	0.004772829823195934	0.5567438006401062	0.05499998480081558	0.012158088386058807	0.29140013456344604	0.027251245453953743	0.16026170551776886	0.01245153695344925	0.09927055984735489	0.20634920634899998	0.9553072625698572	0.38001556457342855	0.6596272410448571	0.5604926239092858	1	4
complex_7937	0.006168744061142206	0.232162207365036	0.02485429309308529	0.048303961753845215	0.013382155448198318	0.12171716243028641	0.06935685873031616	0.11687148362398148	0.008000959642231464	0.222222222222	1.0	0.8878504672900001	0.9174311926609999	0.7082876840660001	0	0
complex_8024	0.00400143675506115	0.9105344414710999	0.011952545493841171	0.018699677661061287	0.011728218756616116	0.0585336796939373	0.008619563654065132	0.049147166311740875	0.0880805253982544	0.285714285714	0.9090183559457143	0.43154237735671425	0.391778652798	0.5354643855791427	0	2
complex_8124	0.0020160984713584185	0.4815369248390198	0.03271334990859032	0.009818394668400288	0.1425124555826187	0.03131714090704918	0.06549343466758728	0.043819088488817215	0.038714613765478134	0.2037037037035	0.9776536312848333	0.4817509908770001	0.34391684530683336	0.5313970843601666	0	1
complex_8650	0.0034503473434597254	0.8130176663398743	0.022074146196246147	0.23085546493530273	0.08740627020597458	0.017834894359111786	0.10947716981172562	0.011467643082141876	0.12723737955093384	0.222222222222	0.9478584729981666	0.374905790303	0.5813927781871666	0.5494099931553333	0	4
complex_8919	0.0024790416937321424	0.9709485173225403	0.031328700482845306	0.24114888906478882	0.07074333727359772	0.03873232752084732	0.06214526668190956	0.024567022919654846	0.1468113511800766	0.259259259259	0.9478584729981666	0.4356637376486666	0.5488249296404999	0.5664540219673333	0	0
complex_8984	0.002766344230622053	0.5355049967765808	0.022283777594566345	0.1477471888065338	0.007803002372384071	0.051618851721286774	0.17025868594646454	0.08812453597784042	0.014276973903179169	0.222222222222	1.0	0.3517541087232	0.5787265624434	0.5624875192684	0	1
complex_9484	0.0020634925458580256	0.6327809691429138	0.045981038361787796	0.010607528500258923	0.0011271386174485087	0.051104143261909485	0.3449607789516449	0.04438687115907669	0.09927690029144287	0.296296296296	0.8938547486033334	0.3285752595486667	0.4259858905875	0.5224772066558333	0	2
complex_951	0.005887144710868597	0.8728275895118713	0.027346013113856316	0.09404431283473969	0.016821259632706642	0.04817841947078705	0.1189526915550232	0.20365816354751587	0.11473934352397919	0.3111111111108	0.8994413407822001	0.38950732051399994	0.4031544496378	0.5356277789898001	0	0
complex_9599	0.0037168595008552074	0.9112900495529175	0.054397497326135635	0.028519701212644577	0.0007073665037751198	0.1225585862994194	0.12514087557792664	0.05096445232629776	0.13989940285682678	0.285714285714	0.9090183559457143	0.3659096381917143	0.391205784511	0.5244301176704286	0	0
complex_9630	0.0021361077670007944	0.8249248266220093	0.004539093002676964	0.025541722774505615	0.025013618171215057	0.07842183113098145	0.055417999625205994	0.07554783672094345	0.1141066774725914	0.285714285714	0.9090183559457143	0.4272142319574285	0.3195055354527143	0.5226975084550001	0	3
complex_9640	0.0032514764461666346	0.8742719888687134	0.03889330103993416	0.11723949015140533	0.013034505769610405	0.05262547731399536	0.048564255237579346	0.018006309866905212	0.08302173018455505	0.222222222222	0.9553072625698572	0.39225595989114287	0.6474345001961429	0.565791571612	0	4
complex_9670	0.0019707863684743643	0.9293496012687683	0.07874704897403717	0.02072839066386223	0.09901735931634903	0.04313254356384277	0.009013340808451176	0.07350403070449829	0.09129966795444489	0.222222222222	0.9553072625698572	0.44523594678457146	0.5489032860248572	0.5581997003988572	0	1
complex_9716	0.0026427533011883497	0.8723526000976562	0.13181209564208984	0.00936935469508171	0.010059690102934837	0.005375180393457413	0.03386596217751503	0.04035019502043724	0.17410971224308014	0.285714285714	0.9090183559457143	0.3412869894537143	0.39337046159257133	0.5206871223942858	1	0
complex_9768	0.0023870591539889574	0.9386865496635437	0.004245396703481674	0.026462014764547348	0.006121944170445204	0.1365131437778473	0.2574206590652466	0.07589408755302429	0.35700276494026184	0.296296296296	0.8938547486033334	0.4410896341148334	0.4016331852615	0.5371708181958333	0	3
complex_9829	0.0037874081172049046	0.9767416715621948	0.0223422572016716	0.08239354938268661	0.018161369487643242	0.06403058022260666	0.01672166772186756	0.11304861307144165	0.10744121670722961	0.285714285714	0.9090183559457143	0.3819094622192857	0.37140893393299995	0.5237972799119999	0	1
complex_9997	0.004070256371051073	0.9577751755714417	0.0184745155274868	0.012925945222377777	0.0009365970036014915	0.04867210239171982	0.2246633619070053	0.06811092793941498	0.09084950387477875	0.24999999999975	0.9196927374301249	0.3864084849456251	0.45123297871812507	0.529504489753875	0	0
