	A	C	D	E	F	G	H	I	K	L	M	N	P	Q	R	S	T	V	W	Y
1	0.01580091565847397	0.001028993516229093	0.014281225390732288	0.03350416198372841	0.0027236740570515394	0.021444104611873627	0.641882061958313	0.004804976284503937	0.00702386861667037	0.03668144345283508	0.02805258147418499	0.007197216153144836	0.05059177428483963	0.005038679577410221	0.011240429244935513	0.08813321590423584	0.016412148252129555	0.00987920444458723	0.002367412904277444	0.0019118179334327579
2	0.007178774569183588	0.00391745800152421	0.01773599348962307	0.012316836044192314	0.04199878126382828	0.0007335265981964767	0.005293996073305607	0.04626737907528877	0.0018799316603690386	0.5252790451049805	0.049179092049598694	0.017181597650051117	0.15781806409358978	0.014323885552585125	0.017670856788754463	0.017943445593118668	0.012746443971991539	0.012812353670597076	0.030261335894465446	0.007461179047822952
3	0.1426687389612198	0.03251186013221741	0.014732714742422104	0.009966961108148098	0.025862298905849457	0.001538767828606069	0.008813333697617054	0.0335405133664608	0.11091571301221848	0.08602425456047058	0.08209319412708282	0.04709751158952713	0.002077872632071376	0.01892239786684513	0.26399847865104675	0.08241021633148193	0.0114680714905262	0.009054012596607208	0.0026697071734815836	0.013633371330797672
4	0.0008995230309665203	0.0001793022092897445	0.000593692297115922	0.0004125390260014683	0.00011653528054011986	0.992180347442627	0.00024759897496551275	1.7451849998906255e-05	0.0004908419796265662	5.375476393965073e-05	1.3886030501453206e-05	0.0005847896100021899	0.001131793251261115	0.0003731110191438347	0.0010510600404813886	0.0011207879288122058	0.0001075794207281433	1.5963634723448195e-05	9.000477439258248e-05	0.000319442042382434
5	0.027021488174796104	0.002569470088928938	0.16145376861095428	0.003923006355762482	0.0008810365106910467	0.008607299067080021	0.0016375959385186434	0.0004467116086743772	0.0004265732131898403	0.0008250019163824618	0.0006873953389003873	0.00941531453281641	0.00014875383931212127	0.0017278777668252587	0.001237656339071691	0.5601502060890198	0.21552668511867523	0.0009228812996298075	0.0007302387966774404	0.0016610254533588886
6	0.01672862097620964	0.01311454363167286	0.012171043083071709	0.013062282465398312	0.24271850287914276	0.0032061152160167694	0.10603247582912445	0.05306166410446167	0.011850744485855103	0.010091064497828484	0.005464940797537565	0.022210923954844475	0.00037966290256008506	0.051247738301754	0.006163539364933968	0.021166110411286354	0.027972538024187088	0.12944667041301727	0.19559627771377563	0.05831445753574371
7	0.26314759254455566	0.01379252690821886	0.08759298175573349	0.14667373895645142	0.02498786337673664	0.010396484285593033	0.02018478512763977	0.006113911047577858	0.012884754687547684	0.026221485808491707	0.01256205327808857	0.023275388404726982	0.03048744611442089	0.04783269017934799	0.034359969198703766	0.1368512362241745	0.02958688698709011	0.02603401429951191	0.01073944941163063	0.03627472370862961
8	0.021772056818008423	0.0012548648519441485	0.030595825985074043	0.025119423866271973	0.0007681207498535514	0.0282952431589365	0.0031881213653832674	0.0014096874510869384	0.010406970977783203	0.004974746145308018	0.0010649035684764385	0.0156877301633358	0.7395023703575134	0.015184031799435616	0.013679561205208302	0.05778710916638374	0.024634655565023422	0.0032167090103030205	0.00021622587519232184	0.0012416618410497904
9	0.027586160227656364	0.029244469478726387	0.16208860278129578	0.015324565581977367	0.011623034253716469	0.003459618194028735	0.0022507142275571823	0.13944169878959656	0.0009882990270853043	0.20113259553909302	0.024576766416430473	0.029385600239038467	0.0030659171752631664	0.0030939665157347918	0.005918668117374182	0.046568386256694794	0.1474463939666748	0.1378372609615326	0.0023321923799812794	0.006635043304413557
